,Screen Size (inches),RAM (GB),Storage (GB),Processor,Camera Setup,Price (USD),Rating
1000,5.2,4,1024,A15 Bionic,200MP + 12MP + 2MP,1863.14,4.7
1001,7.5,12,256,A15 Bionic,64MP + 16MP + 8MP,1840.59,4.5
1002,6.9,12,1024,A16 Bionic,48MP + 8MP + 2MP,379.51,4.6
1003,5.3,6,64,Dimensity 920,48MP + 12MP + 8MP,189.34,4.2
1004,5.1,4,64,Exynos 2200,48MP + 12MP + 2MP,1744.98,5.0
1005,7.1,4,256,Dimensity 920,48MP + 12MP + 8MP,614.02,3.2
1006,6.1,12,64,Helio G99,108MP + 16MP + 8MP,1263.39,4.5
1007,6.4,16,512,Tensor G2,200MP + 16MP + 8MP,785.08,3.9
1008,6.6,8,64,Dimensity 920,48MP + 12MP + 5MP,1303.5,3.3
1009,6.6,12,64,Dimensity 920,200MP + 16MP + 2MP,1539.96,4.0
1010,6.9,4,512,Snapdragon 8 Gen 2,12MP + 8MP + 5MP,1961.56,3.9
1011,6.8,16,128,Snapdragon 8+ Gen 1,50MP + 12MP + 5MP,614.62,3.0
1012,6.5,6,256,Dimensity 920,12MP + 50MP + 5MP,1196.09,3.7
1013,5.2,16,256,Snapdragon 8 Gen 2,64MP + 8MP + 2MP,493.98,4.0
1014,5.5,12,256,Dimensity 920,48MP + 8MP + 2MP,1059.04,3.8
1015,6.4,16,64,Helio G99,12MP + 12MP + 8MP,601.6,4.7
1016,7.2,12,512,Dimensity 920,50MP + 12MP + 5MP,1724.35,4.8
1017,6.1,8,256,Exynos 2200,48MP + 8MP + 2MP,1567.4,3.3
1018,6.7,12,1024,Snapdragon 7 Gen 1,108MP + 50MP + 8MP,1286.93,3.7
1019,6.9,4,512,Helio G99,48MP + 8MP + 5MP,1148.53,3.6
1020,5.5,6,256,Exynos 2200,64MP + 8MP + 8MP,1304.02,4.1
1021,6.2,12,256,A15 Bionic,108MP + 12MP + 5MP,1407.87,5.0
1022,6.8,6,1024,Helio G99,12MP + 16MP + 5MP,1705.27,4.3
1023,5.4,8,64,Dimensity 920,12MP + 16MP + 8MP,1397.31,4.9
1024,6.8,6,512,Helio G99,200MP + 50MP + 2MP,988.86,3.7
1025,5.6,12,1024,Helio G99,50MP + 50MP + 5MP,190.14,3.6
1026,6.4,16,1024,Helio G99,12MP + 16MP + 2MP,570.6,4.2
1027,6.6,8,1024,Helio G99,64MP + 12MP + 8MP,1762.18,3.3
1028,7.3,8,256,Dimensity 920,108MP + 12MP + 8MP,511.09,4.4
1029,7.5,12,256,Dimensity 920,64MP + 16MP + 5MP,215.92,4.5
1030,6.1,16,64,Helio G99,12MP + 16MP + 5MP,1162.71,3.2
1031,7.3,4,128,Snapdragon 7 Gen 1,64MP + 16MP + 5MP,1617.21,3.0
1032,5.1,4,512,Snapdragon 7 Gen 1,50MP + 16MP + 2MP,1099.22,4.0
1033,5.2,4,1024,Dimensity 920,64MP + 12MP + 8MP,1121.88,4.6
1034,6.6,16,1024,Helio G99,108MP + 16MP + 2MP,1076.4,3.9
1035,5.2,8,64,Exynos 2200,12MP + 50MP + 2MP,489.83,3.4
1036,6.6,16,64,Dimensity 920,108MP + 8MP + 8MP,819.65,3.4
1037,6.1,16,1024,Dimensity 920,64MP + 16MP + 8MP,789.58,4.8
1038,5.2,8,64,A16 Bionic,12MP + 16MP + 2MP,914.91,4.3
1039,5.1,6,512,Snapdragon 7 Gen 1,12MP + 12MP + 5MP,965.39,4.0
1040,6.4,6,128,Helio G99,12MP + 16MP + 2MP,1997.73,3.8
1041,6.8,4,128,Helio G99,48MP + 8MP + 8MP,1628.2,4.2
1042,5.9,4,512,Helio G99,200MP + 16MP + 2MP,724.88,4.6
1043,7.4,12,512,Exynos 2200,12MP + 12MP + 5MP,1096.54,3.0
1044,5.9,8,256,Snapdragon 8 Gen 2,108MP + 8MP + 2MP,334.21,3.1
1045,7.3,8,256,Helio G99,200MP + 50MP + 2MP,1583.22,4.3
1046,6.9,4,64,Dimensity 920,64MP + 12MP + 5MP,1058.56,4.8
1047,6.1,6,512,Helio G99,108MP + 16MP + 5MP,1541.05,3.3
1048,6.6,6,1024,Snapdragon 8 Gen 2,50MP + 8MP + 2MP,1890.92,4.2
1049,5.3,16,512,Tensor G1,12MP + 8MP + 2MP,1983.49,4.6
1050,5.6,6,64,A16 Bionic,200MP + 8MP + 2MP,1744.94,4.7
1051,6.6,6,512,Tensor G1,200MP + 12MP + 5MP,1494.31,4.0
1052,6.1,16,128,Dimensity 920,108MP + 16MP + 8MP,384.77,3.6
1053,6.0,6,128,Dimensity 920,50MP + 16MP + 5MP,1555.63,3.5
1054,5.3,4,1024,Dimensity 920,50MP + 12MP + 8MP,511.17,3.7
1055,5.6,4,64,Snapdragon 8+ Gen 1,48MP + 12MP + 8MP,1980.56,3.4
1056,7.0,6,64,Helio G99,64MP + 16MP + 8MP,1399.23,4.7
1057,6.4,6,256,Dimensity 920,12MP + 16MP + 8MP,722.84,4.8
1058,6.2,8,64,Tensor G2,108MP + 50MP + 2MP,1670.83,3.7
1059,6.1,6,1024,Helio G99,12MP + 12MP + 5MP,1082.56,4.8
1060,6.4,8,256,Helio G99,108MP + 50MP + 8MP,790.44,3.3
1061,5.4,16,256,Helio G99,12MP + 50MP + 2MP,1979.61,4.7
1062,7.0,6,128,Snapdragon 7 Gen 1,50MP + 16MP + 5MP,910.46,3.0
1063,6.1,4,1024,Dimensity 9000,50MP + 8MP + 5MP,1795.92,4.5
1064,6.8,6,1024,Snapdragon 8 Gen 2,200MP + 8MP + 2MP,1885.96,3.6
1065,5.5,4,64,A16 Bionic,200MP + 12MP + 5MP,712.4,4.0
1066,7.5,12,512,Snapdragon 7 Gen 1,108MP + 16MP + 2MP,882.98,3.6
1067,6.6,4,1024,Dimensity 1080,12MP + 12MP + 5MP,1788.03,4.7
1068,5.3,6,64,Dimensity 920,108MP + 16MP + 2MP,1237.03,3.8
1069,6.8,16,512,Snapdragon 8+ Gen 1,200MP + 8MP + 8MP,1908.06,3.3
1070,5.6,4,512,Tensor G1,64MP + 16MP + 2MP,721.48,4.6
1071,6.3,4,64,Tensor G1,64MP + 50MP + 8MP,1662.68,3.5
1072,7.2,12,256,Snapdragon 7 Gen 1,108MP + 16MP + 2MP,1299.05,4.0
1073,7.0,8,64,Dimensity 920,48MP + 12MP + 8MP,864.46,3.3
1074,5.5,16,512,Helio G99,64MP + 12MP + 8MP,1782.31,3.8
1075,7.2,8,64,A15 Bionic,64MP + 50MP + 2MP,390.35,3.7
1076,5.3,4,128,Snapdragon 8+ Gen 1,108MP + 12MP + 8MP,1028.33,3.7
1077,5.3,16,512,Helio G99,50MP + 12MP + 5MP,174.49,4.5
1078,5.5,4,256,Helio G99,108MP + 12MP + 2MP,945.7,3.8
1079,6.5,16,128,Dimensity 920,12MP + 16MP + 2MP,819.45,3.9
1080,6.5,12,256,Dimensity 920,12MP + 50MP + 5MP,1773.92,4.6
1081,6.5,6,256,A15 Bionic,48MP + 12MP + 5MP,1844.84,4.4
1082,5.6,12,64,Helio G99,48MP + 8MP + 8MP,285.92,3.3
1083,6.1,16,512,Dimensity 920,48MP + 12MP + 5MP,1309.93,4.7
1084,6.2,12,128,Dimensity 1080,50MP + 8MP + 8MP,1455.29,4.9
1085,7.0,16,64,Helio G99,50MP + 12MP + 2MP,1972.35,4.3
1086,6.6,4,256,Tensor G2,200MP + 50MP + 2MP,490.97,3.8
1087,6.6,12,512,Helio G99,48MP + 8MP + 2MP,1923.19,4.1
1088,7.1,16,128,Dimensity 920,48MP + 8MP + 2MP,1691.26,3.2
1089,6.1,16,256,Helio G99,12MP + 50MP + 8MP,537.89,3.3
1090,7.4,8,128,A16 Bionic,12MP + 16MP + 2MP,1638.65,5.0
1091,6.7,12,128,Helio G99,12MP + 16MP + 2MP,1782.63,3.2
1092,7.2,12,512,Snapdragon 8 Gen 2,48MP + 16MP + 5MP,1790.27,3.2
1093,5.6,8,128,A15 Bionic,48MP + 50MP + 8MP,680.36,3.7
1094,6.4,4,128,Dimensity 920,108MP + 16MP + 8MP,769.91,4.8
1095,5.4,12,128,Dimensity 920,200MP + 12MP + 8MP,1058.21,4.5
1096,7.0,8,512,Snapdragon 8+ Gen 1,108MP + 16MP + 8MP,1478.03,3.5
1097,7.0,6,512,Dimensity 920,64MP + 16MP + 2MP,488.35,3.5
1098,6.4,6,1024,Dimensity 920,50MP + 12MP + 5MP,469.31,4.2
1099,7.3,4,128,Snapdragon 8 Gen 2,50MP + 50MP + 5MP,155.62,3.2
1100,5.7,4,512,Dimensity 920,12MP + 12MP + 5MP,1200.56,4.5
1101,5.6,4,512,Dimensity 920,64MP + 8MP + 5MP,976.66,4.5
1102,6.9,12,64,A15 Bionic,50MP + 50MP + 5MP,922.35,4.3
1103,7.2,12,512,Dimensity 920,200MP + 50MP + 2MP,479.75,3.4
1104,5.4,4,1024,Dimensity 920,12MP + 16MP + 8MP,1282.77,3.3
1105,5.4,4,64,Dimensity 920,48MP + 16MP + 5MP,694.68,3.5
1106,6.5,4,128,Helio G99,50MP + 16MP + 2MP,1308.64,4.9
1107,6.9,6,1024,Dimensity 920,12MP + 50MP + 2MP,529.25,4.6
1108,6.1,8,128,Helio G99,64MP + 12MP + 2MP,1552.02,4.4
1109,6.1,12,256,Tensor G2,108MP + 16MP + 2MP,1132.6,3.1
1110,7.0,12,64,Dimensity 920,200MP + 8MP + 8MP,1287.12,4.2
1111,5.7,6,256,Exynos 2200,50MP + 16MP + 2MP,1205.12,3.5
1112,5.3,6,512,Dimensity 920,64MP + 50MP + 8MP,310.37,4.1
1113,6.9,12,64,Snapdragon 8 Gen 2,200MP + 16MP + 2MP,1905.87,4.5
1114,5.8,16,1024,Helio G99,108MP + 12MP + 2MP,1858.46,3.3
1115,6.1,6,64,Tensor G1,48MP + 12MP + 8MP,1265.25,5.0
1116,7.4,8,128,A15 Bionic,48MP + 8MP + 8MP,1252.75,4.3
1117,5.5,8,512,Tensor G1,64MP + 12MP + 8MP,759.01,3.9
1118,5.1,6,64,Helio G99,108MP + 8MP + 2MP,1306.62,3.2
1119,6.9,8,256,A15 Bionic,108MP + 16MP + 8MP,1933.68,4.2
1120,5.5,8,1024,Snapdragon 8+ Gen 1,12MP + 8MP + 5MP,1547.88,3.9
1121,5.2,12,256,Helio G99,200MP + 50MP + 2MP,1705.07,3.9
1122,5.1,4,1024,Tensor G1,200MP + 50MP + 2MP,1836.7,4.9
1123,6.4,8,1024,Dimensity 920,200MP + 8MP + 8MP,720.35,5.0
1124,6.2,6,64,Dimensity 920,200MP + 50MP + 5MP,279.38,3.8
1125,6.3,4,512,Snapdragon 7 Gen 1,12MP + 50MP + 8MP,818.55,4.8
1126,6.1,12,64,Helio G99,200MP + 50MP + 2MP,707.32,4.7
1127,7.4,6,64,Tensor G2,64MP + 16MP + 5MP,746.45,4.0
1128,6.7,16,1024,Exynos 2200,200MP + 50MP + 2MP,1811.51,3.8
1129,7.1,12,128,Tensor G1,64MP + 16MP + 8MP,1328.37,3.5
1130,6.8,6,64,Dimensity 920,64MP + 12MP + 2MP,874.9,3.9
1131,7.1,6,64,Helio G99,48MP + 50MP + 5MP,987.59,3.0
1132,5.4,8,256,Helio G99,200MP + 50MP + 2MP,773.33,4.7
1133,5.1,16,256,Dimensity 920,48MP + 50MP + 5MP,682.51,3.9
1134,5.4,8,512,Dimensity 920,200MP + 50MP + 8MP,188.01,4.1
1135,5.3,8,64,Tensor G1,200MP + 50MP + 5MP,1824.62,3.2
1136,5.1,6,128,Exynos 2200,12MP + 16MP + 8MP,1016.36,4.4
1137,5.3,12,512,Helio G99,64MP + 16MP + 5MP,1982.27,3.7
1138,7.3,6,1024,Helio G99,50MP + 16MP + 5MP,484.1,3.9
1139,5.5,6,512,Helio G99,48MP + 12MP + 2MP,880.73,3.9
1140,7.0,12,256,Dimensity 1080,200MP + 16MP + 2MP,539.91,4.2
1141,7.2,4,256,Helio G99,200MP + 8MP + 8MP,453.46,4.5
1142,6.9,16,128,Helio G99,50MP + 50MP + 5MP,1213.06,3.9
1143,5.5,4,64,Helio G99,50MP + 8MP + 5MP,926.79,3.5
1144,6.7,6,1024,A16 Bionic,48MP + 16MP + 5MP,1433.24,4.2
1145,7.0,12,128,Helio G99,50MP + 16MP + 2MP,323.43,3.7
1146,6.8,4,512,Snapdragon 7 Gen 1,108MP + 50MP + 2MP,159.24,3.3
1147,5.7,6,1024,Dimensity 920,200MP + 16MP + 8MP,1521.31,4.9
1148,5.7,8,512,Helio G99,12MP + 50MP + 5MP,744.59,3.7
1149,5.4,4,512,Snapdragon 8+ Gen 1,50MP + 50MP + 8MP,284.64,3.8
1150,5.8,8,128,Exynos 2200,50MP + 50MP + 5MP,172.14,3.1
1151,5.8,16,64,A15 Bionic,200MP + 12MP + 8MP,1070.86,3.2
1152,7.3,6,1024,Helio G99,48MP + 8MP + 8MP,1825.18,3.7
1153,6.2,8,128,Dimensity 920,12MP + 8MP + 2MP,1658.2,3.2
1154,5.8,6,1024,Dimensity 920,64MP + 16MP + 8MP,693.01,3.6
1155,5.1,4,256,Helio G99,12MP + 8MP + 8MP,1417.82,3.4
1156,6.2,16,128,Exynos 2200,108MP + 12MP + 2MP,174.79,4.5
1157,5.1,8,128,Tensor G1,108MP + 8MP + 5MP,1960.56,4.0
1158,6.9,8,256,Helio G99,64MP + 16MP + 8MP,646.16,4.6
1159,6.5,4,64,Dimensity 920,12MP + 50MP + 8MP,634.0,4.3
1160,5.3,8,512,Snapdragon 8+ Gen 1,200MP + 8MP + 2MP,1207.19,3.8
1161,7.1,12,128,Exynos 2200,108MP + 8MP + 2MP,187.32,4.3
1162,6.5,4,256,Snapdragon 8+ Gen 1,64MP + 12MP + 5MP,214.98,4.5
1163,5.1,8,64,Helio G99,108MP + 50MP + 5MP,860.38,3.3
1164,5.2,8,64,Dimensity 920,12MP + 8MP + 8MP,1510.67,4.8
1165,5.5,12,256,Snapdragon 8 Gen 2,48MP + 8MP + 5MP,1330.22,3.4
1166,5.7,12,256,Dimensity 920,108MP + 8MP + 5MP,844.12,3.1
1167,6.9,16,64,Exynos 2200,50MP + 16MP + 2MP,1409.34,3.9
1168,5.5,16,64,Dimensity 920,108MP + 16MP + 5MP,650.64,4.7
1169,5.4,8,256,Tensor G2,50MP + 16MP + 5MP,661.92,3.2
1170,7.3,8,128,Dimensity 920,12MP + 16MP + 8MP,642.89,4.2
1171,5.1,6,1024,Dimensity 920,64MP + 16MP + 5MP,1320.46,4.6
1172,6.0,8,512,Dimensity 920,200MP + 8MP + 5MP,1127.28,3.4
1173,5.3,6,256,Snapdragon 8+ Gen 1,64MP + 16MP + 5MP,917.08,3.2
1174,7.4,8,128,A15 Bionic,12MP + 50MP + 2MP,1834.46,3.0
1175,6.8,16,1024,Helio G99,200MP + 16MP + 2MP,1091.85,4.4
1176,7.1,16,64,Helio G99,64MP + 8MP + 2MP,1171.14,4.5
1177,6.2,12,64,Helio G99,108MP + 12MP + 2MP,1185.15,3.8
1178,6.2,12,512,Dimensity 1080,50MP + 12MP + 8MP,897.91,4.9
1179,6.0,4,256,Helio G99,200MP + 12MP + 5MP,1279.01,3.6
1180,5.1,12,1024,A15 Bionic,48MP + 12MP + 2MP,840.04,4.6
1181,5.4,12,256,Helio G99,12MP + 8MP + 8MP,296.64,4.6
1182,6.7,6,128,Helio G99,12MP + 16MP + 8MP,515.7,4.6
1183,6.4,4,512,Snapdragon 8+ Gen 1,108MP + 12MP + 5MP,535.19,4.6
1184,5.7,8,128,Dimensity 920,48MP + 50MP + 8MP,421.7,4.0
1185,7.0,8,512,Dimensity 920,108MP + 16MP + 8MP,1252.64,4.2
1186,6.8,4,512,Dimensity 9000,50MP + 50MP + 2MP,1231.5,4.0
1187,7.2,8,1024,Dimensity 920,12MP + 16MP + 2MP,1860.71,4.1
1188,7.0,12,1024,Helio G99,50MP + 16MP + 8MP,462.34,4.7
1189,6.8,4,128,Dimensity 1080,12MP + 50MP + 5MP,1415.86,4.1
1190,5.2,12,512,Dimensity 920,48MP + 50MP + 8MP,780.05,4.8
1191,6.6,8,512,Snapdragon 8 Gen 2,108MP + 16MP + 5MP,244.76,5.0
1192,7.2,4,128,A15 Bionic,50MP + 12MP + 8MP,248.8,4.7
1193,5.1,8,512,A15 Bionic,12MP + 16MP + 5MP,1753.43,4.8
1194,6.6,4,512,Helio G99,48MP + 12MP + 8MP,1359.58,3.5
1195,6.2,4,512,Helio G99,200MP + 16MP + 8MP,1837.07,3.6
1196,5.8,8,64,Dimensity 920,12MP + 16MP + 8MP,519.86,4.8
1197,6.5,16,1024,Helio G99,200MP + 8MP + 2MP,916.38,3.8
1198,6.2,8,64,Dimensity 920,48MP + 50MP + 8MP,611.84,3.9
1199,5.3,16,64,Tensor G2,108MP + 16MP + 8MP,399.94,3.5
1200,7.3,4,64,Exynos 2200,12MP + 8MP + 5MP,1006.07,3.9
1201,6.5,16,512,Dimensity 920,200MP + 16MP + 2MP,1394.26,3.6
1202,7.1,6,512,A15 Bionic,12MP + 12MP + 2MP,500.15,4.1
1203,7.2,16,1024,Helio G99,64MP + 50MP + 5MP,1998.5,4.0
1204,5.6,12,1024,Helio G99,64MP + 16MP + 2MP,270.25,4.8
1205,7.4,8,512,Tensor G2,200MP + 16MP + 5MP,1272.88,4.3
1206,7.4,4,1024,Helio G99,108MP + 12MP + 8MP,1549.19,4.4
1207,7.0,8,128,Helio G99,200MP + 50MP + 8MP,763.31,3.4
1208,6.2,8,512,Dimensity 920,64MP + 50MP + 8MP,990.76,4.5
1209,7.1,4,128,Helio G99,12MP + 50MP + 8MP,968.5,3.6
1210,5.6,8,1024,Snapdragon 8 Gen 2,50MP + 50MP + 2MP,655.69,4.3
1211,5.4,4,128,Helio G99,64MP + 12MP + 2MP,1896.52,3.7
1212,5.2,16,64,Dimensity 920,200MP + 8MP + 2MP,889.96,3.7
1213,7.4,6,512,Helio G99,108MP + 16MP + 2MP,630.17,4.1
1214,5.3,8,128,Dimensity 920,64MP + 50MP + 2MP,1237.55,5.0
1215,7.3,4,512,Exynos 2200,64MP + 12MP + 8MP,1339.28,4.3
1216,6.7,8,256,Exynos 2200,48MP + 8MP + 5MP,1410.43,3.7
1217,7.1,4,256,Helio G99,64MP + 12MP + 8MP,822.19,3.4
1218,6.8,16,256,Helio G99,48MP + 16MP + 5MP,818.11,4.0
1219,6.1,8,512,Helio G99,200MP + 8MP + 2MP,1139.29,4.6
1220,6.4,16,512,Dimensity 920,48MP + 16MP + 8MP,1709.8,3.5
1221,6.7,16,1024,Helio G99,108MP + 8MP + 2MP,728.94,4.5
1222,6.8,12,128,Helio G99,48MP + 16MP + 5MP,1607.45,3.4
1223,6.1,4,64,Helio G99,12MP + 16MP + 5MP,1116.87,4.9
1224,5.1,12,256,Snapdragon 8+ Gen 1,12MP + 8MP + 2MP,277.34,3.2
1225,6.6,4,512,Dimensity 920,64MP + 12MP + 5MP,1076.36,4.6
1226,6.1,12,1024,A15 Bionic,108MP + 50MP + 8MP,1063.85,3.2
1227,7.0,6,512,A15 Bionic,48MP + 50MP + 5MP,427.54,4.5
1228,6.1,16,1024,Helio G99,200MP + 8MP + 8MP,1670.61,4.1
1229,5.0,4,128,Tensor G2,48MP + 8MP + 5MP,877.59,3.0
1230,6.1,16,1024,Dimensity 920,12MP + 8MP + 5MP,1320.84,3.7
1231,7.1,16,256,Tensor G1,50MP + 50MP + 8MP,592.0,4.3
1232,6.7,16,1024,Snapdragon 8 Gen 2,200MP + 12MP + 5MP,1552.71,4.8
1233,5.4,16,512,Helio G99,200MP + 8MP + 5MP,1640.23,3.4
1234,6.9,8,128,Helio G99,48MP + 50MP + 2MP,199.48,4.4
1235,5.8,4,64,Dimensity 1080,12MP + 8MP + 8MP,1428.25,4.5
1236,6.3,12,64,Helio G99,108MP + 16MP + 2MP,1019.52,3.5
1237,7.1,8,64,Dimensity 920,48MP + 12MP + 2MP,1284.81,4.6
1238,5.6,16,256,Dimensity 9000,50MP + 50MP + 2MP,1630.85,3.1
1239,6.8,8,128,Dimensity 920,12MP + 16MP + 2MP,198.38,3.6
1240,7.5,6,128,Snapdragon 8 Gen 2,12MP + 8MP + 2MP,321.82,4.3
1241,7.2,6,64,Dimensity 920,48MP + 50MP + 2MP,557.69,3.3
1242,6.4,6,128,Snapdragon 8 Gen 2,200MP + 8MP + 2MP,419.36,4.8
1243,6.1,6,128,Dimensity 1080,200MP + 50MP + 2MP,1305.47,4.6
1244,7.0,16,1024,Tensor G2,12MP + 12MP + 8MP,1483.68,4.1
1245,7.2,6,512,Snapdragon 7 Gen 1,108MP + 12MP + 8MP,506.52,3.6
1246,7.1,4,64,Helio G99,64MP + 16MP + 8MP,871.94,5.0
1247,7.3,16,1024,Dimensity 920,12MP + 16MP + 5MP,749.93,4.1
1248,5.0,6,64,Tensor G1,50MP + 50MP + 8MP,1675.38,3.4
1249,7.3,16,256,Dimensity 920,108MP + 8MP + 5MP,1738.2,3.1
1250,7.5,4,1024,Helio G99,108MP + 50MP + 5MP,409.56,3.6
1251,5.1,12,256,Helio G99,48MP + 8MP + 8MP,1486.78,4.3
1252,7.2,8,256,A15 Bionic,48MP + 8MP + 2MP,1456.95,4.3
1253,5.5,4,64,Dimensity 920,12MP + 8MP + 8MP,1772.77,3.3
1254,6.0,4,64,Helio G99,48MP + 8MP + 5MP,360.57,4.0
1255,6.8,4,64,Dimensity 920,108MP + 50MP + 2MP,411.83,3.8
1256,6.3,4,256,Snapdragon 7 Gen 1,200MP + 50MP + 2MP,1194.17,3.6
1257,5.8,4,128,Snapdragon 7 Gen 1,50MP + 50MP + 8MP,175.01,4.9
1258,5.1,16,512,Helio G99,200MP + 8MP + 2MP,198.17,4.2
1259,5.3,16,128,Snapdragon 7 Gen 1,12MP + 50MP + 5MP,1430.94,4.8
1260,5.5,8,1024,Dimensity 920,108MP + 8MP + 2MP,1294.43,4.7
1261,5.2,4,1024,Dimensity 920,200MP + 8MP + 2MP,1597.12,3.7
1262,7.2,6,512,Snapdragon 8+ Gen 1,48MP + 50MP + 2MP,1300.69,4.5
1263,7.3,12,128,Helio G99,48MP + 50MP + 5MP,1179.83,4.1
1264,5.4,16,256,Dimensity 920,108MP + 50MP + 8MP,518.65,5.0
1265,5.5,12,256,Helio G99,64MP + 12MP + 2MP,691.61,3.7
1266,6.1,12,256,A16 Bionic,200MP + 16MP + 8MP,1116.35,3.1
1267,6.4,16,1024,A15 Bionic,12MP + 12MP + 8MP,203.37,4.9
1268,6.2,8,256,Tensor G2,48MP + 12MP + 5MP,732.39,4.2
1269,5.9,4,128,Dimensity 920,64MP + 50MP + 2MP,671.04,3.3
1270,7.3,16,128,Helio G99,48MP + 8MP + 2MP,367.23,4.5
1271,7.4,16,64,Helio G99,108MP + 12MP + 5MP,332.33,4.8
1272,6.6,6,128,Dimensity 920,200MP + 16MP + 8MP,691.86,3.3
1273,7.1,6,256,A15 Bionic,50MP + 12MP + 8MP,672.06,4.9
1274,7.5,6,1024,Helio G99,48MP + 8MP + 2MP,1640.62,4.1
1275,5.3,6,64,Dimensity 1080,200MP + 16MP + 2MP,1067.76,3.2
1276,5.3,8,1024,Dimensity 9000,200MP + 16MP + 2MP,1578.75,4.1
1277,5.0,6,256,Tensor G2,48MP + 12MP + 5MP,1911.73,4.0
1278,5.8,16,256,Tensor G1,64MP + 8MP + 2MP,1725.6,3.6
1279,6.5,8,256,Helio G99,50MP + 16MP + 8MP,550.14,4.3
1280,5.0,6,128,Dimensity 1080,48MP + 50MP + 5MP,997.29,4.9
1281,7.0,12,64,Helio G99,48MP + 16MP + 8MP,1788.29,3.8
1282,6.9,12,64,Dimensity 920,12MP + 50MP + 2MP,290.71,4.9
1283,6.4,4,128,Tensor G2,50MP + 8MP + 8MP,162.46,4.7
1284,7.4,12,256,Tensor G1,200MP + 50MP + 5MP,1428.83,4.5
1285,5.4,12,1024,Helio G99,200MP + 12MP + 2MP,1897.27,4.5
1286,7.1,4,512,Helio G99,108MP + 16MP + 8MP,1500.04,3.3
1287,7.2,6,512,Dimensity 920,200MP + 16MP + 5MP,1600.49,4.0
1288,7.4,4,128,Helio G99,12MP + 8MP + 2MP,523.55,3.1
1289,5.5,4,512,Exynos 2200,200MP + 8MP + 5MP,982.25,3.6
1290,5.6,16,64,Snapdragon 8 Gen 2,50MP + 12MP + 2MP,850.18,4.0
1291,6.5,4,128,Helio G99,12MP + 16MP + 2MP,1109.65,3.7
1292,5.5,6,256,Exynos 2200,50MP + 50MP + 5MP,513.75,3.1
1293,5.3,6,64,Dimensity 920,200MP + 8MP + 5MP,1942.43,3.8
1294,6.0,6,256,Helio G99,200MP + 50MP + 2MP,1563.65,3.6
1295,7.1,4,1024,A16 Bionic,12MP + 8MP + 8MP,786.17,3.0
1296,7.4,6,256,Dimensity 920,12MP + 50MP + 2MP,822.67,3.9
1297,7.0,4,256,Snapdragon 8+ Gen 1,108MP + 12MP + 8MP,1731.64,4.0
1298,5.1,6,512,Helio G99,12MP + 50MP + 2MP,1022.75,3.4
1299,6.0,12,64,Helio G99,108MP + 8MP + 5MP,765.34,3.3
1300,6.9,12,1024,A15 Bionic,12MP + 16MP + 5MP,1035.23,3.9
1301,5.6,4,1024,Dimensity 9000,12MP + 8MP + 5MP,738.82,3.7
1302,6.1,8,128,Dimensity 920,64MP + 50MP + 2MP,1990.2,3.2
1303,7.2,16,256,Helio G99,200MP + 8MP + 2MP,1859.14,5.0
1304,5.9,4,128,Snapdragon 8+ Gen 1,12MP + 8MP + 5MP,1738.78,4.2
1305,6.8,6,128,Snapdragon 8 Gen 2,48MP + 8MP + 2MP,1505.02,3.2
1306,7.5,8,128,Dimensity 920,50MP + 12MP + 5MP,735.89,3.8
1307,7.2,12,1024,Dimensity 920,12MP + 50MP + 8MP,1178.31,4.3
1308,5.2,6,256,Helio G99,64MP + 8MP + 8MP,1751.25,4.6
1309,5.2,6,256,Dimensity 1080,64MP + 16MP + 2MP,1155.57,3.3
1310,5.1,12,1024,A16 Bionic,64MP + 50MP + 5MP,1787.25,4.7
1311,6.3,6,64,Helio G99,48MP + 16MP + 5MP,1861.9,3.9
1312,5.4,8,1024,Dimensity 920,64MP + 50MP + 8MP,884.1,4.7
1313,7.0,16,64,Helio G99,108MP + 50MP + 5MP,963.85,3.1
1314,7.4,8,512,Tensor G1,12MP + 50MP + 8MP,706.25,4.4
1315,6.5,6,1024,Helio G99,108MP + 16MP + 5MP,567.78,4.1
1316,7.0,4,512,Dimensity 920,48MP + 16MP + 8MP,1428.99,3.8
1317,5.3,4,256,Dimensity 920,200MP + 12MP + 8MP,1037.76,4.6
1318,6.7,12,512,Dimensity 920,48MP + 8MP + 5MP,1040.77,3.9
1319,6.5,16,1024,Dimensity 920,200MP + 50MP + 2MP,495.97,4.7
1320,6.5,4,512,Helio G99,200MP + 16MP + 5MP,1244.23,3.6
1321,6.6,12,64,Helio G99,108MP + 50MP + 2MP,1039.84,3.5
1322,5.5,16,64,Dimensity 920,64MP + 12MP + 8MP,607.02,4.1
1323,7.3,8,512,Snapdragon 8+ Gen 1,50MP + 8MP + 5MP,1287.8,3.8
1324,7.4,16,512,Helio G99,50MP + 50MP + 8MP,734.5,4.8
1325,6.4,8,256,Helio G99,12MP + 50MP + 2MP,335.5,4.2
1326,5.7,16,512,Dimensity 920,48MP + 16MP + 8MP,1383.64,3.1
1327,6.7,4,1024,Snapdragon 8+ Gen 1,12MP + 12MP + 2MP,1918.26,3.7
1328,5.0,8,256,Helio G99,48MP + 8MP + 8MP,248.68,3.2
1329,7.1,4,128,Helio G99,48MP + 16MP + 8MP,1554.29,4.1
1330,5.3,6,128,Helio G99,64MP + 12MP + 5MP,370.26,3.1
1331,5.6,12,256,Helio G99,108MP + 16MP + 8MP,918.46,3.8
1332,5.4,6,512,Helio G99,50MP + 50MP + 2MP,1170.08,4.3
1333,5.7,4,256,Helio G99,108MP + 16MP + 8MP,813.49,4.8
1334,7.3,12,256,Tensor G2,108MP + 16MP + 5MP,262.2,3.2
1335,7.3,6,256,Tensor G1,50MP + 8MP + 5MP,1957.42,4.6
1336,6.6,4,64,Dimensity 920,12MP + 12MP + 5MP,156.52,3.1
1337,5.2,12,64,Helio G99,50MP + 12MP + 8MP,1946.93,4.9
1338,6.8,6,128,Dimensity 920,200MP + 8MP + 5MP,1109.12,3.1
1339,6.0,4,512,Helio G99,108MP + 8MP + 5MP,1600.12,4.0
1340,6.7,12,1024,Dimensity 920,108MP + 12MP + 8MP,1196.86,3.0
1341,7.1,4,256,Dimensity 9000,12MP + 50MP + 8MP,991.54,4.5
1342,6.3,12,128,Helio G99,108MP + 50MP + 2MP,1295.77,4.9
1343,7.0,12,1024,Helio G99,12MP + 16MP + 5MP,1521.98,3.9
1344,6.3,16,64,Dimensity 920,50MP + 8MP + 8MP,685.38,4.3
1345,5.5,8,1024,Helio G99,48MP + 16MP + 5MP,845.45,4.8
1346,5.9,6,128,Dimensity 1080,12MP + 8MP + 8MP,502.9,4.3
1347,7.4,8,1024,Helio G99,108MP + 16MP + 5MP,1824.84,4.0
1348,5.8,4,256,Snapdragon 8 Gen 2,64MP + 16MP + 2MP,416.74,4.7
1349,5.0,6,1024,Dimensity 920,200MP + 16MP + 8MP,1893.96,3.7
1350,6.1,4,128,Helio G99,64MP + 50MP + 2MP,444.35,3.8
1351,7.2,16,128,Snapdragon 8 Gen 2,48MP + 50MP + 2MP,846.91,3.2
1352,6.5,16,64,Dimensity 1080,12MP + 8MP + 8MP,1434.79,3.9
1353,5.7,12,512,Snapdragon 8+ Gen 1,12MP + 50MP + 2MP,1848.17,4.4
1354,7.4,12,256,Helio G99,12MP + 50MP + 5MP,1361.73,5.0
1355,6.2,4,512,Helio G99,12MP + 50MP + 2MP,1979.45,3.3
1356,6.5,6,128,Helio G99,48MP + 8MP + 5MP,564.91,4.9
1357,7.4,12,128,Dimensity 9000,200MP + 8MP + 5MP,1937.84,3.1
1358,7.3,12,64,Snapdragon 8 Gen 2,12MP + 50MP + 2MP,711.69,4.7
1359,7.3,4,64,Helio G99,12MP + 16MP + 2MP,1315.33,4.8
1360,5.1,12,256,Tensor G1,200MP + 12MP + 2MP,454.52,3.2
1361,5.6,12,1024,Helio G99,48MP + 50MP + 5MP,1562.53,3.6
1362,5.1,4,128,Snapdragon 7 Gen 1,12MP + 12MP + 2MP,723.37,3.8
1363,6.7,12,128,Helio G99,64MP + 8MP + 2MP,1950.85,3.3
1364,5.8,16,128,Dimensity 920,12MP + 50MP + 2MP,992.06,4.1
1365,6.2,12,256,Tensor G1,200MP + 16MP + 2MP,1798.42,4.2
1366,5.4,8,512,Helio G99,50MP + 12MP + 5MP,632.62,4.2
1367,6.3,12,128,Helio G99,48MP + 8MP + 2MP,634.8,4.7
1368,5.9,6,256,Dimensity 920,64MP + 8MP + 5MP,807.42,3.8
1369,5.0,8,256,Helio G99,48MP + 50MP + 2MP,1786.89,3.6
1370,6.2,8,1024,Helio G99,64MP + 16MP + 8MP,1429.6,3.1
1371,6.7,16,256,Helio G99,48MP + 16MP + 2MP,510.43,4.0
1372,5.7,8,512,Helio G99,200MP + 12MP + 8MP,1205.54,3.1
1373,6.8,8,64,Helio G99,12MP + 50MP + 8MP,330.69,4.6
1374,5.7,12,1024,Dimensity 920,12MP + 16MP + 8MP,1239.98,3.6
1375,7.1,16,256,Dimensity 920,50MP + 8MP + 2MP,884.27,3.5
1376,7.4,4,128,Helio G99,12MP + 16MP + 5MP,1988.1,3.5
1377,6.3,16,256,Snapdragon 7 Gen 1,64MP + 50MP + 5MP,1200.03,3.2
1378,5.3,8,1024,Dimensity 9000,108MP + 16MP + 8MP,230.78,3.8
1379,6.8,16,256,Helio G99,108MP + 16MP + 2MP,1537.71,3.1
1380,7.1,12,512,Helio G99,48MP + 50MP + 5MP,648.0,3.4
1381,6.8,4,1024,Snapdragon 8+ Gen 1,200MP + 50MP + 8MP,1360.71,5.0
1382,7.0,6,1024,Dimensity 1080,108MP + 12MP + 5MP,676.45,4.5
1383,6.4,16,512,Helio G99,50MP + 12MP + 2MP,477.43,4.9
1384,7.4,16,64,Dimensity 9000,48MP + 12MP + 2MP,1425.97,4.6
1385,5.2,12,512,Helio G99,48MP + 16MP + 2MP,1545.62,4.4
1386,5.6,4,128,Helio G99,108MP + 12MP + 2MP,1697.75,3.7
1387,5.1,12,128,Dimensity 920,48MP + 50MP + 2MP,1403.25,4.9
1388,7.4,6,64,Dimensity 920,12MP + 8MP + 2MP,1610.05,3.0
1389,6.1,6,128,Helio G99,200MP + 12MP + 5MP,1910.71,3.1
1390,6.3,6,64,Helio G99,48MP + 12MP + 8MP,1736.2,4.5
1391,7.3,8,128,Tensor G1,200MP + 16MP + 8MP,539.32,3.3
1392,6.1,8,128,Dimensity 1080,12MP + 12MP + 8MP,735.49,4.9
1393,6.2,6,512,Tensor G2,50MP + 50MP + 5MP,1279.0,4.4
1394,6.0,6,512,Helio G99,200MP + 16MP + 5MP,1244.14,3.4
1395,5.3,8,128,Helio G99,48MP + 8MP + 8MP,699.06,3.2
1396,6.7,12,512,Helio G99,64MP + 12MP + 2MP,496.97,3.3
1397,7.0,4,1024,Tensor G1,12MP + 8MP + 5MP,1310.73,3.3
1398,6.9,12,128,Dimensity 920,50MP + 8MP + 8MP,231.2,3.3
1399,5.0,6,1024,Helio G99,50MP + 50MP + 5MP,449.32,3.2
1400,5.5,4,512,Helio G99,12MP + 50MP + 8MP,685.18,4.9
1401,6.4,4,512,Snapdragon 8 Gen 2,200MP + 8MP + 8MP,1465.78,4.4
1402,5.6,16,1024,Snapdragon 7 Gen 1,64MP + 16MP + 8MP,1657.42,3.7
1403,7.0,6,256,Helio G99,12MP + 8MP + 2MP,933.81,3.4
1404,5.7,4,256,Helio G99,50MP + 50MP + 8MP,1701.41,3.7
1405,6.5,12,1024,Dimensity 920,200MP + 50MP + 2MP,742.43,3.3
1406,6.3,16,128,Dimensity 920,108MP + 8MP + 2MP,1472.82,4.0
1407,6.4,12,1024,Dimensity 920,50MP + 50MP + 2MP,1259.5,3.4
1408,6.5,16,256,A15 Bionic,48MP + 12MP + 8MP,895.34,5.0
1409,6.6,4,128,Snapdragon 7 Gen 1,64MP + 16MP + 2MP,651.98,4.9
1410,6.5,16,128,Exynos 2200,64MP + 16MP + 8MP,808.15,3.4
1411,7.2,4,1024,Dimensity 920,200MP + 8MP + 5MP,1952.5,4.6
1412,6.0,6,128,Helio G99,12MP + 8MP + 2MP,682.78,4.4
1413,5.0,8,256,Dimensity 920,50MP + 16MP + 2MP,1526.64,3.9
1414,6.8,8,128,Snapdragon 7 Gen 1,12MP + 12MP + 2MP,1382.2,3.6
1415,7.4,8,512,Dimensity 920,64MP + 50MP + 2MP,1706.61,4.5
1416,7.2,8,256,Helio G99,200MP + 50MP + 5MP,805.19,3.8
1417,6.5,6,128,Dimensity 9000,50MP + 50MP + 2MP,850.93,4.9
1418,5.1,16,64,Dimensity 920,108MP + 50MP + 8MP,1398.73,3.4
1419,6.1,12,512,Exynos 2200,48MP + 50MP + 5MP,1441.6,3.4
1420,6.9,4,64,Helio G99,64MP + 12MP + 2MP,481.35,4.2
1421,5.0,4,1024,Tensor G1,108MP + 12MP + 2MP,682.81,4.1
1422,6.7,16,1024,Dimensity 920,12MP + 16MP + 5MP,1630.59,4.1
1423,6.5,16,256,Dimensity 1080,48MP + 50MP + 2MP,940.0,3.3
1424,5.3,12,256,Dimensity 1080,108MP + 12MP + 2MP,1166.5,4.7
1425,6.1,8,128,Dimensity 920,48MP + 16MP + 5MP,1284.4,3.6
1426,5.4,12,256,Snapdragon 8 Gen 2,64MP + 12MP + 8MP,487.68,4.8
1427,6.3,8,512,Dimensity 920,108MP + 16MP + 2MP,924.31,4.9
1428,5.5,12,1024,Helio G99,108MP + 8MP + 8MP,1876.82,4.4
1429,5.3,8,64,Helio G99,108MP + 16MP + 8MP,433.77,4.4
1430,5.6,12,128,Dimensity 920,64MP + 16MP + 2MP,1033.69,4.4
1431,5.3,4,128,Helio G99,64MP + 8MP + 2MP,802.81,4.9
1432,7.1,6,512,Dimensity 920,50MP + 50MP + 5MP,1910.34,4.1
1433,7.5,12,512,Tensor G1,64MP + 50MP + 8MP,1470.9,3.8
1434,5.1,4,1024,Helio G99,108MP + 8MP + 2MP,1120.32,4.8
1435,5.9,4,512,Dimensity 920,200MP + 50MP + 2MP,1472.14,3.2
1436,7.3,16,128,Helio G99,48MP + 50MP + 2MP,1980.77,3.2
1437,5.2,12,1024,A15 Bionic,50MP + 12MP + 5MP,1761.93,4.4
1438,6.7,12,1024,Dimensity 920,48MP + 8MP + 8MP,493.48,3.3
1439,6.1,6,512,Snapdragon 7 Gen 1,64MP + 8MP + 8MP,647.23,3.9
1440,6.2,4,512,Helio G99,50MP + 50MP + 2MP,1598.05,3.1
1441,6.5,8,64,Exynos 2200,108MP + 50MP + 5MP,714.42,4.9
1442,6.9,16,256,Dimensity 920,200MP + 12MP + 5MP,1957.56,3.2
1443,5.2,16,128,Tensor G1,108MP + 8MP + 5MP,615.35,3.1
1444,5.7,8,512,Helio G99,64MP + 16MP + 8MP,400.18,3.6
1445,6.6,16,256,Snapdragon 8 Gen 2,200MP + 50MP + 2MP,531.4,4.2
1446,6.8,4,128,Dimensity 920,48MP + 8MP + 8MP,207.23,4.5
1447,5.1,12,1024,A16 Bionic,12MP + 50MP + 8MP,1067.88,3.6
1448,7.1,8,512,Snapdragon 8 Gen 2,50MP + 8MP + 5MP,413.61,4.7
1449,5.1,12,1024,Dimensity 920,48MP + 50MP + 2MP,1954.4,3.1
1450,5.8,16,128,Helio G99,200MP + 8MP + 2MP,791.5,3.1
1451,6.6,12,128,Helio G99,12MP + 8MP + 5MP,458.97,4.0
1452,7.0,6,256,Snapdragon 8+ Gen 1,50MP + 16MP + 5MP,216.71,3.9
1453,7.3,8,512,Dimensity 9000,50MP + 16MP + 5MP,480.26,3.5
1454,5.4,12,64,Helio G99,108MP + 12MP + 8MP,1390.7,3.8
1455,5.1,6,128,Dimensity 920,64MP + 8MP + 2MP,1175.19,4.6
1456,6.8,16,256,Helio G99,12MP + 16MP + 5MP,777.09,3.1
1457,7.3,8,256,A16 Bionic,64MP + 50MP + 8MP,337.19,4.1
1458,6.7,6,1024,Dimensity 920,64MP + 50MP + 5MP,995.55,4.3
1459,6.0,12,128,Tensor G1,48MP + 12MP + 8MP,449.46,4.2
1460,5.7,16,256,Dimensity 920,200MP + 8MP + 2MP,803.4,4.9
1461,7.4,12,64,Dimensity 920,64MP + 12MP + 8MP,339.76,3.6
1462,6.7,16,1024,Snapdragon 8 Gen 2,200MP + 8MP + 8MP,1157.82,4.2
1463,7.0,6,256,Helio G99,48MP + 12MP + 5MP,1801.72,4.9
1464,6.9,16,64,Dimensity 920,200MP + 50MP + 2MP,1729.19,4.6
1465,5.7,6,256,Helio G99,48MP + 12MP + 2MP,1898.25,3.3
1466,7.3,6,64,Snapdragon 8 Gen 2,12MP + 50MP + 5MP,1900.3,3.8
1467,7.0,6,512,Helio G99,64MP + 50MP + 8MP,1127.35,4.8
1468,6.3,16,256,Exynos 2200,108MP + 8MP + 8MP,1633.31,4.6
1469,5.7,8,128,Helio G99,108MP + 16MP + 2MP,1705.1,4.6
1470,5.1,12,64,Helio G99,50MP + 12MP + 5MP,216.18,3.9
1471,5.9,16,1024,A15 Bionic,64MP + 12MP + 2MP,652.06,3.6
1472,6.6,12,512,Helio G99,48MP + 16MP + 5MP,1501.36,3.9
1473,6.3,16,64,Dimensity 1080,48MP + 12MP + 5MP,1425.54,4.4
1474,7.2,8,64,Dimensity 1080,64MP + 16MP + 5MP,1669.71,3.8
1475,5.7,6,128,A16 Bionic,200MP + 12MP + 2MP,425.07,3.0
1476,5.4,8,64,Helio G99,12MP + 12MP + 5MP,986.74,4.0
1477,5.3,4,128,A15 Bionic,64MP + 50MP + 2MP,1026.71,3.8
1478,6.0,16,512,Dimensity 920,48MP + 50MP + 2MP,629.79,3.7
1479,6.9,16,256,Snapdragon 8 Gen 2,108MP + 8MP + 2MP,1356.99,3.7
1480,5.7,16,128,Dimensity 9000,12MP + 8MP + 2MP,1671.49,3.3
1481,5.9,16,1024,Helio G99,48MP + 12MP + 2MP,374.65,4.7
1482,6.8,4,128,Helio G99,108MP + 50MP + 5MP,1598.37,4.6
1483,5.5,12,128,A15 Bionic,108MP + 8MP + 2MP,1611.69,5.0
1484,5.2,16,64,Tensor G1,12MP + 8MP + 8MP,647.82,3.8
1485,6.1,6,256,Dimensity 9000,64MP + 12MP + 2MP,1096.38,3.6
1486,5.3,8,64,Snapdragon 8 Gen 2,64MP + 50MP + 2MP,845.88,3.9
1487,6.9,12,256,Tensor G2,108MP + 50MP + 2MP,1234.18,3.9
1488,6.6,16,256,Dimensity 920,200MP + 50MP + 2MP,1245.38,4.2
1489,5.5,12,1024,Helio G99,200MP + 50MP + 8MP,883.41,3.4
1490,5.2,8,1024,A15 Bionic,50MP + 16MP + 5MP,1018.99,4.8
1491,7.0,6,64,Dimensity 1080,108MP + 8MP + 5MP,1290.91,4.4
1492,6.4,16,256,Dimensity 920,64MP + 8MP + 2MP,443.75,4.3
1493,6.5,16,512,Helio G99,50MP + 12MP + 5MP,1010.72,3.8
1494,7.2,16,64,Dimensity 920,48MP + 12MP + 8MP,1890.17,4.2
1495,6.2,6,512,Helio G99,50MP + 12MP + 8MP,315.36,3.7
1496,5.4,8,512,Snapdragon 8 Gen 2,50MP + 16MP + 5MP,1365.06,5.0
1497,6.6,8,512,A15 Bionic,108MP + 12MP + 8MP,766.32,4.9
1498,7.5,12,1024,Dimensity 920,108MP + 50MP + 2MP,1320.37,3.3
1499,6.9,6,64,Helio G99,108MP + 8MP + 2MP,1017.81,4.9
1500,5.8,12,256,Helio G99,108MP + 16MP + 8MP,1904.88,4.9
1501,6.3,6,128,Dimensity 920,50MP + 8MP + 5MP,1381.88,3.7
1502,7.2,16,1024,Dimensity 920,12MP + 50MP + 2MP,898.48,4.3
1503,6.3,8,1024,Snapdragon 8 Gen 2,200MP + 12MP + 8MP,1245.82,3.5
1504,5.5,12,256,Helio G99,48MP + 12MP + 8MP,1127.19,4.1
1505,7.5,4,128,Dimensity 920,48MP + 12MP + 8MP,222.98,4.7
1506,6.8,12,512,Tensor G2,200MP + 8MP + 8MP,1321.03,3.6
1507,5.6,12,1024,Tensor G1,12MP + 8MP + 2MP,1003.8,3.9
1508,5.7,12,128,Dimensity 920,64MP + 8MP + 2MP,600.9,3.7
1509,6.8,8,512,Snapdragon 8 Gen 2,48MP + 16MP + 5MP,893.93,3.2
1510,5.4,16,64,Dimensity 9000,50MP + 50MP + 2MP,350.84,3.8
1511,6.3,6,64,Tensor G2,12MP + 50MP + 5MP,628.86,3.5
1512,5.7,6,1024,Tensor G1,12MP + 50MP + 2MP,847.25,4.6
1513,6.9,8,256,Helio G99,200MP + 50MP + 2MP,648.85,4.6
1514,6.2,16,512,A16 Bionic,108MP + 16MP + 5MP,590.19,3.7
1515,5.1,16,128,Helio G99,48MP + 50MP + 8MP,782.4,3.4
1516,6.0,16,512,Dimensity 9000,12MP + 50MP + 2MP,1952.73,4.0
1517,5.9,4,64,Dimensity 920,12MP + 16MP + 2MP,798.79,3.7
1518,5.6,6,256,Snapdragon 7 Gen 1,64MP + 50MP + 8MP,1436.57,4.0
1519,6.8,4,64,Snapdragon 8+ Gen 1,64MP + 8MP + 8MP,1947.6,4.6
1520,7.1,8,1024,Snapdragon 7 Gen 1,64MP + 8MP + 8MP,524.3,3.1
1521,5.4,6,128,Dimensity 920,64MP + 16MP + 2MP,966.27,4.5
1522,6.8,4,512,Snapdragon 8 Gen 2,50MP + 16MP + 2MP,190.01,4.5
1523,6.2,4,128,Dimensity 920,200MP + 8MP + 2MP,1315.62,4.6
1524,5.9,16,512,Snapdragon 7 Gen 1,50MP + 8MP + 5MP,329.47,4.3
1525,6.6,16,256,Tensor G1,50MP + 50MP + 2MP,950.57,4.6
1526,5.6,4,256,Snapdragon 8+ Gen 1,200MP + 8MP + 2MP,312.18,4.1
1527,7.1,6,512,Helio G99,108MP + 50MP + 8MP,1181.08,3.7
1528,5.6,16,256,Helio G99,48MP + 8MP + 2MP,572.9,3.6
1529,6.2,12,512,Dimensity 920,200MP + 8MP + 8MP,1948.44,3.9
1530,6.8,4,256,Snapdragon 8+ Gen 1,50MP + 12MP + 8MP,762.64,3.8
1531,7.2,4,64,Dimensity 9000,108MP + 16MP + 5MP,847.75,3.3
1532,6.1,8,512,Dimensity 920,200MP + 12MP + 5MP,498.44,4.1
1533,6.5,8,256,Snapdragon 8+ Gen 1,48MP + 12MP + 2MP,1979.91,4.4
1534,5.4,4,256,Tensor G2,64MP + 50MP + 8MP,1207.49,3.5
1535,5.7,6,512,Helio G99,108MP + 12MP + 2MP,334.71,4.5
1536,6.8,16,128,Tensor G2,108MP + 12MP + 8MP,1615.19,4.5
1537,6.7,4,512,A15 Bionic,50MP + 16MP + 8MP,1999.26,4.5
1538,5.8,16,512,Snapdragon 8 Gen 2,50MP + 50MP + 8MP,1260.11,4.6
1539,5.2,16,1024,Dimensity 920,48MP + 12MP + 5MP,1690.3,4.4
1540,5.3,8,64,Helio G99,48MP + 8MP + 5MP,1969.97,5.0
1541,7.5,16,128,Dimensity 920,48MP + 50MP + 2MP,912.01,3.2
1542,6.7,6,64,Dimensity 920,64MP + 12MP + 5MP,1834.21,3.4
1543,5.8,8,128,Dimensity 920,108MP + 16MP + 5MP,435.8,4.8
1544,6.9,12,1024,Helio G99,200MP + 16MP + 8MP,670.17,4.6
1545,6.0,4,512,Dimensity 920,48MP + 50MP + 2MP,762.83,3.8
1546,6.6,4,64,Helio G99,108MP + 8MP + 8MP,778.02,4.2
1547,5.8,4,256,Tensor G2,64MP + 16MP + 8MP,1823.62,4.1
1548,6.6,8,64,Snapdragon 7 Gen 1,50MP + 12MP + 2MP,1092.78,4.9
1549,7.2,8,1024,Helio G99,12MP + 12MP + 5MP,1330.76,3.4
1550,7.1,16,128,Dimensity 920,12MP + 12MP + 2MP,494.12,4.3
1551,5.5,6,64,A15 Bionic,108MP + 50MP + 5MP,1269.85,3.3
1552,6.1,6,256,A16 Bionic,12MP + 50MP + 8MP,530.12,4.1
1553,7.4,12,1024,Tensor G2,64MP + 8MP + 5MP,1216.4,4.4
1554,7.3,12,128,A15 Bionic,64MP + 12MP + 2MP,714.73,4.4
1555,6.4,6,64,A16 Bionic,12MP + 50MP + 2MP,1106.11,3.6
1556,6.1,4,512,Dimensity 920,108MP + 12MP + 8MP,945.0,4.4
1557,7.3,12,256,A15 Bionic,200MP + 50MP + 5MP,320.89,3.5
1558,7.2,4,256,Helio G99,64MP + 8MP + 5MP,1793.86,3.3
1559,7.0,6,256,Dimensity 920,12MP + 16MP + 5MP,1184.8,4.3
1560,6.7,16,1024,Helio G99,12MP + 50MP + 2MP,1017.97,3.1
1561,6.2,8,256,Dimensity 920,108MP + 16MP + 8MP,344.77,3.2
1562,5.1,4,128,Exynos 2200,12MP + 50MP + 8MP,644.8,3.3
1563,7.3,16,128,Snapdragon 8 Gen 2,12MP + 12MP + 8MP,707.07,4.0
1564,5.2,16,64,Exynos 2200,64MP + 16MP + 2MP,1426.25,4.3
1565,6.6,8,512,Tensor G2,48MP + 50MP + 2MP,1404.03,4.2
1566,7.1,6,256,Helio G99,200MP + 50MP + 5MP,1048.04,3.7
1567,7.4,16,128,Helio G99,108MP + 50MP + 5MP,977.45,4.6
1568,6.5,16,128,Dimensity 920,64MP + 8MP + 2MP,450.66,5.0
1569,6.9,16,64,Helio G99,12MP + 50MP + 5MP,948.21,3.4
1570,6.6,8,128,Dimensity 920,108MP + 8MP + 2MP,1703.99,3.6
1571,5.3,4,1024,Helio G99,64MP + 50MP + 8MP,1002.42,3.1
1572,5.8,6,64,Helio G99,12MP + 50MP + 5MP,1768.75,3.3
1573,6.5,16,512,Tensor G1,50MP + 16MP + 8MP,1260.73,3.8
1574,6.9,6,256,Dimensity 920,64MP + 50MP + 8MP,1171.02,3.9
1575,6.6,8,128,Dimensity 1080,108MP + 16MP + 8MP,1894.84,3.3
1576,6.1,4,512,Dimensity 920,12MP + 16MP + 5MP,1281.14,4.9
1577,6.8,16,512,Dimensity 920,48MP + 8MP + 8MP,719.31,4.6
1578,5.2,4,128,Dimensity 1080,50MP + 50MP + 2MP,1753.22,3.2
1579,6.6,16,1024,Helio G99,48MP + 12MP + 2MP,1445.75,4.2
1580,6.6,8,256,Helio G99,200MP + 16MP + 5MP,1155.91,3.2
1581,6.2,4,512,Dimensity 920,108MP + 50MP + 5MP,889.88,4.7
1582,5.6,8,64,Dimensity 920,64MP + 16MP + 5MP,1730.96,4.7
1583,6.6,4,512,Helio G99,48MP + 50MP + 8MP,946.96,4.8
1584,6.3,4,64,Exynos 2200,64MP + 12MP + 8MP,1752.81,3.9
1585,6.9,12,128,Snapdragon 8 Gen 2,50MP + 50MP + 2MP,473.28,3.8
1586,5.3,12,512,Dimensity 1080,12MP + 8MP + 2MP,1318.55,3.6
1587,6.0,4,128,Dimensity 920,50MP + 16MP + 8MP,1177.15,4.4
1588,6.8,6,128,Dimensity 920,50MP + 8MP + 5MP,1238.25,3.5
1589,5.9,12,512,Snapdragon 7 Gen 1,48MP + 50MP + 5MP,1146.18,4.3
1590,7.2,8,64,Snapdragon 7 Gen 1,200MP + 8MP + 2MP,1071.27,3.7
1591,6.0,8,512,A16 Bionic,108MP + 12MP + 5MP,1142.4,3.8
1592,6.0,4,64,A15 Bionic,200MP + 12MP + 5MP,1560.76,3.4
1593,6.7,16,256,Tensor G2,50MP + 12MP + 8MP,431.62,4.3
1594,7.2,12,64,Dimensity 920,12MP + 8MP + 8MP,1702.34,4.2
1595,6.2,16,64,Helio G99,48MP + 50MP + 2MP,1379.68,5.0
1596,7.2,6,256,Snapdragon 8 Gen 2,12MP + 12MP + 5MP,1636.44,3.5
1597,7.1,16,64,Dimensity 920,200MP + 16MP + 5MP,1408.92,4.2
1598,7.5,12,256,Dimensity 920,108MP + 16MP + 5MP,514.2,4.1
1599,5.7,12,128,Dimensity 920,48MP + 16MP + 2MP,1857.18,3.8
1600,5.1,4,1024,Helio G99,48MP + 8MP + 5MP,1374.45,3.5
1601,5.5,8,128,A16 Bionic,64MP + 16MP + 8MP,831.37,4.9
1602,6.1,8,64,Tensor G2,64MP + 50MP + 8MP,1553.89,3.5
1603,5.8,8,1024,Snapdragon 8+ Gen 1,200MP + 16MP + 2MP,1603.04,3.6
1604,6.4,16,512,Snapdragon 7 Gen 1,50MP + 16MP + 8MP,1240.07,3.3
1605,6.5,12,128,Tensor G1,50MP + 50MP + 8MP,1627.32,4.7
1606,5.4,4,512,Dimensity 920,48MP + 16MP + 8MP,697.24,3.2
1607,6.7,8,64,Dimensity 920,108MP + 16MP + 2MP,1558.37,4.9
1608,6.6,6,64,A16 Bionic,48MP + 16MP + 8MP,1168.67,3.1
1609,7.0,4,512,Helio G99,12MP + 16MP + 2MP,1648.15,3.8
1610,6.4,8,64,Dimensity 9000,50MP + 16MP + 8MP,1075.78,3.8
1611,7.1,8,64,Exynos 2200,48MP + 16MP + 8MP,987.95,3.6
1612,7.0,8,512,Tensor G2,200MP + 12MP + 2MP,1463.81,4.9
1613,5.8,6,64,Exynos 2200,12MP + 8MP + 5MP,1502.75,4.4
1614,5.9,16,64,A16 Bionic,64MP + 16MP + 5MP,1955.77,3.8
1615,5.7,6,128,Dimensity 920,50MP + 8MP + 8MP,696.1,3.8
1616,7.3,6,256,Helio G99,50MP + 8MP + 5MP,1640.56,3.6
1617,6.9,6,64,Helio G99,108MP + 50MP + 2MP,1105.44,4.6
1618,5.4,16,64,Snapdragon 8 Gen 2,200MP + 12MP + 2MP,921.49,4.2
1619,5.1,6,1024,Dimensity 920,200MP + 8MP + 2MP,1048.35,3.4
1620,7.0,4,1024,Snapdragon 8 Gen 2,12MP + 50MP + 2MP,289.83,3.6
1621,6.7,8,1024,Helio G99,48MP + 12MP + 2MP,1386.63,3.5
1622,6.0,16,256,Dimensity 9000,200MP + 8MP + 8MP,1556.88,4.3
1623,5.1,6,512,Dimensity 920,64MP + 50MP + 5MP,1885.83,4.3
1624,5.3,12,64,Helio G99,48MP + 8MP + 8MP,1010.29,3.4
1625,7.3,4,64,Helio G99,200MP + 12MP + 2MP,516.48,3.8
1626,6.3,6,1024,Dimensity 920,50MP + 12MP + 8MP,1593.76,3.7
1627,5.7,8,256,Snapdragon 7 Gen 1,12MP + 16MP + 5MP,1876.47,5.0
1628,5.1,8,256,Helio G99,64MP + 12MP + 2MP,994.61,4.6
1629,6.2,6,128,Dimensity 1080,200MP + 8MP + 8MP,1095.8,4.6
1630,6.5,12,64,Exynos 2200,12MP + 8MP + 5MP,541.35,3.8
1631,6.0,8,512,A15 Bionic,12MP + 16MP + 8MP,1409.99,4.3
1632,6.2,8,64,Dimensity 920,48MP + 16MP + 8MP,830.5,4.1
1633,5.4,4,1024,Tensor G1,50MP + 16MP + 2MP,1211.06,4.6
1634,5.2,12,1024,Dimensity 1080,48MP + 16MP + 2MP,1142.41,4.3
1635,5.2,4,1024,Dimensity 920,48MP + 8MP + 5MP,1005.31,4.2
1636,6.5,6,64,Tensor G1,50MP + 16MP + 5MP,795.71,5.0
1637,5.7,6,1024,Helio G99,50MP + 12MP + 2MP,920.46,4.4
1638,7.2,6,512,Helio G99,12MP + 50MP + 8MP,1772.48,3.9
1639,6.8,4,128,Exynos 2200,64MP + 8MP + 5MP,379.09,4.5
1640,6.2,8,256,Helio G99,48MP + 16MP + 5MP,1592.54,4.9
1641,5.3,12,128,Dimensity 920,64MP + 8MP + 2MP,1249.1,4.0
1642,5.9,4,256,Tensor G1,48MP + 16MP + 8MP,1913.71,4.4
1643,6.1,6,1024,A15 Bionic,64MP + 8MP + 5MP,831.18,3.9
1644,5.8,12,128,Helio G99,108MP + 12MP + 5MP,1691.57,4.5
1645,7.1,6,1024,Dimensity 920,12MP + 50MP + 5MP,1785.92,4.3
1646,5.9,16,256,Tensor G1,50MP + 50MP + 5MP,1602.41,3.5
1647,5.6,8,1024,Helio G99,12MP + 50MP + 5MP,881.97,3.3
1648,5.2,8,1024,Helio G99,48MP + 12MP + 5MP,1369.07,4.1
1649,5.3,16,1024,Dimensity 9000,64MP + 12MP + 5MP,185.46,4.7
1650,6.0,16,1024,Dimensity 1080,108MP + 8MP + 8MP,410.16,4.5
1651,6.3,6,64,Helio G99,12MP + 12MP + 5MP,1485.46,3.1
1652,5.3,4,128,Tensor G1,50MP + 8MP + 2MP,234.52,4.8
1653,6.5,4,1024,Helio G99,64MP + 12MP + 8MP,824.31,3.3
1654,5.5,6,256,Helio G99,200MP + 16MP + 8MP,994.52,4.3
1655,6.1,4,64,Dimensity 920,48MP + 16MP + 8MP,1743.76,4.9
1656,6.7,4,512,Snapdragon 7 Gen 1,108MP + 16MP + 5MP,1217.29,4.6
1657,7.2,6,64,Dimensity 920,48MP + 50MP + 8MP,1428.0,4.0
1658,6.7,12,64,Snapdragon 8+ Gen 1,108MP + 8MP + 2MP,687.01,4.6
1659,5.8,4,128,Helio G99,12MP + 16MP + 8MP,275.08,4.1
1660,5.3,12,128,Dimensity 920,200MP + 16MP + 5MP,1634.84,4.8
1661,7.0,6,256,Dimensity 1080,108MP + 12MP + 5MP,1548.29,3.4
1662,6.5,4,256,A15 Bionic,48MP + 8MP + 2MP,1021.26,3.9
1663,5.5,4,64,Dimensity 920,108MP + 12MP + 8MP,1239.11,4.8
1664,5.8,4,256,Dimensity 920,200MP + 50MP + 8MP,1843.78,4.5
1665,7.1,16,256,Snapdragon 8+ Gen 1,108MP + 8MP + 8MP,191.13,3.3
1666,7.3,4,64,Dimensity 920,48MP + 50MP + 8MP,1780.42,4.1
1667,5.6,12,256,Snapdragon 8 Gen 2,64MP + 50MP + 5MP,1861.78,4.8
1668,6.8,16,128,Dimensity 920,48MP + 8MP + 5MP,1993.58,4.3
1669,5.5,6,64,Snapdragon 7 Gen 1,64MP + 50MP + 5MP,337.06,4.1
1670,6.9,16,1024,Helio G99,50MP + 50MP + 2MP,555.73,3.5
1671,6.0,8,1024,Snapdragon 8 Gen 2,200MP + 50MP + 2MP,381.7,3.6
1672,7.1,4,512,Helio G99,108MP + 12MP + 5MP,1310.6,3.1
1673,5.7,6,512,Helio G99,50MP + 12MP + 8MP,950.58,4.2
1674,5.3,16,128,Helio G99,108MP + 8MP + 8MP,722.28,4.0
1675,6.6,12,1024,Snapdragon 8+ Gen 1,200MP + 8MP + 5MP,1235.52,4.8
1676,5.7,12,1024,Snapdragon 8 Gen 2,108MP + 8MP + 8MP,480.88,4.6
1677,7.2,6,256,Tensor G1,12MP + 8MP + 2MP,1281.98,3.4
1678,6.5,16,128,Helio G99,12MP + 16MP + 5MP,540.42,3.0
1679,6.2,6,64,A16 Bionic,64MP + 16MP + 8MP,1357.02,3.0
1680,5.2,6,1024,Helio G99,48MP + 12MP + 2MP,295.03,4.5
1681,5.2,16,512,Dimensity 920,200MP + 8MP + 5MP,524.33,3.7
1682,5.6,12,256,Dimensity 920,200MP + 16MP + 5MP,1599.7,3.6
1683,7.2,6,128,Snapdragon 8 Gen 2,64MP + 12MP + 5MP,1772.58,4.5
1684,5.2,12,256,A16 Bionic,48MP + 16MP + 2MP,1291.52,4.8
1685,5.3,6,64,A15 Bionic,50MP + 12MP + 2MP,1081.78,3.4
1686,7.5,6,512,Dimensity 9000,108MP + 50MP + 2MP,599.67,4.0
1687,7.0,8,512,Helio G99,200MP + 50MP + 5MP,1848.82,3.7
1688,6.1,16,128,Tensor G1,12MP + 16MP + 2MP,1752.21,4.6
1689,6.1,8,256,Dimensity 9000,64MP + 12MP + 8MP,1215.47,3.4
1690,7.4,12,128,Dimensity 920,64MP + 12MP + 5MP,207.68,3.3
1691,5.6,6,128,Dimensity 920,200MP + 12MP + 5MP,1964.16,3.2
1692,5.7,4,1024,Helio G99,48MP + 8MP + 5MP,854.94,3.1
1693,7.1,6,1024,Dimensity 920,64MP + 8MP + 5MP,386.44,4.1
1694,7.1,16,256,Tensor G1,12MP + 50MP + 5MP,1265.78,3.8
1695,6.8,4,512,A16 Bionic,50MP + 50MP + 2MP,797.94,3.1
1696,5.3,4,128,Dimensity 920,108MP + 16MP + 5MP,1823.55,4.3
1697,7.0,4,64,A15 Bionic,12MP + 50MP + 5MP,476.19,5.0
1698,7.4,12,512,Tensor G1,64MP + 50MP + 2MP,722.8,4.8
1699,5.6,8,1024,Dimensity 920,64MP + 50MP + 8MP,807.61,3.3
1700,6.0,8,64,Dimensity 920,48MP + 16MP + 5MP,1345.08,3.4
1701,5.8,4,512,Dimensity 920,200MP + 8MP + 8MP,1064.59,3.1
1702,6.2,4,64,Dimensity 9000,12MP + 50MP + 2MP,1371.6,4.0
1703,6.8,12,64,Snapdragon 7 Gen 1,108MP + 50MP + 5MP,1143.32,3.2
1704,6.9,16,64,Helio G99,12MP + 8MP + 5MP,549.21,3.1
1705,6.3,4,512,Dimensity 920,108MP + 12MP + 2MP,843.08,4.7
1706,5.4,8,512,Helio G99,200MP + 16MP + 8MP,237.36,3.6
1707,5.7,16,64,A15 Bionic,48MP + 16MP + 5MP,1237.61,4.3
1708,5.4,4,1024,Dimensity 920,64MP + 50MP + 2MP,883.92,4.4
1709,7.5,6,64,Dimensity 920,12MP + 8MP + 5MP,691.37,3.4
1710,6.4,4,64,Dimensity 920,12MP + 8MP + 8MP,1665.71,3.7
1711,5.1,16,512,Helio G99,200MP + 50MP + 5MP,657.36,4.0
1712,6.6,16,128,Snapdragon 7 Gen 1,108MP + 8MP + 8MP,973.9,4.5
1713,7.5,6,256,Dimensity 920,48MP + 50MP + 5MP,1078.82,3.2
1714,7.3,12,256,Dimensity 920,200MP + 50MP + 2MP,1821.21,4.9
1715,5.9,6,256,Exynos 2200,48MP + 16MP + 5MP,1681.0,4.0
1716,7.3,12,256,Dimensity 920,108MP + 12MP + 2MP,454.09,3.0
1717,6.9,8,128,Dimensity 920,50MP + 12MP + 8MP,338.76,3.9
1718,5.6,6,64,Helio G99,50MP + 50MP + 5MP,1414.34,4.6
1719,5.3,12,256,Helio G99,50MP + 8MP + 2MP,1670.36,4.3
1720,5.8,8,64,Snapdragon 8 Gen 2,50MP + 16MP + 8MP,710.09,4.9
1721,6.1,8,1024,Dimensity 920,48MP + 16MP + 5MP,559.43,3.9
1722,5.4,6,64,Dimensity 9000,50MP + 8MP + 8MP,1358.05,4.1
1723,6.2,16,1024,Snapdragon 8+ Gen 1,48MP + 16MP + 5MP,1252.95,4.6
1724,6.4,12,64,Helio G99,50MP + 8MP + 5MP,687.83,4.1
1725,5.5,12,64,Dimensity 920,12MP + 12MP + 2MP,772.08,3.7
1726,7.4,16,512,Dimensity 920,200MP + 16MP + 2MP,1281.75,4.4
1727,6.0,8,512,Dimensity 920,200MP + 50MP + 5MP,559.27,3.7
1728,7.5,16,512,Dimensity 920,12MP + 8MP + 8MP,616.32,3.5
1729,6.2,16,64,Helio G99,64MP + 12MP + 8MP,1421.41,3.6
1730,6.6,6,1024,Helio G99,48MP + 16MP + 5MP,985.09,4.3
1731,7.4,16,256,Helio G99,108MP + 8MP + 2MP,519.63,5.0
1732,5.3,4,1024,Helio G99,200MP + 8MP + 8MP,1632.22,4.0
1733,5.8,4,64,Helio G99,108MP + 8MP + 5MP,1916.38,4.5
1734,5.1,16,64,Helio G99,50MP + 8MP + 5MP,185.32,4.9
1735,6.8,16,512,A16 Bionic,50MP + 12MP + 5MP,484.84,3.3
1736,5.4,16,256,Helio G99,48MP + 8MP + 5MP,1535.18,4.6
1737,5.4,4,64,Snapdragon 8 Gen 2,48MP + 12MP + 5MP,780.3,4.0
1738,5.7,4,512,Dimensity 9000,12MP + 50MP + 2MP,1407.54,3.8
1739,6.1,12,64,Dimensity 920,12MP + 12MP + 8MP,1838.62,3.4
1740,6.4,12,256,Dimensity 920,108MP + 16MP + 8MP,780.4,3.8
1741,5.9,16,512,Snapdragon 8+ Gen 1,12MP + 16MP + 8MP,172.14,3.6
1742,5.3,6,64,Tensor G2,12MP + 16MP + 2MP,871.65,3.7
1743,7.0,8,64,Helio G99,48MP + 8MP + 2MP,1597.07,3.7
1744,7.5,6,256,Helio G99,200MP + 12MP + 5MP,1055.36,4.6
1745,5.8,4,128,A15 Bionic,12MP + 50MP + 5MP,1523.75,4.0
1746,5.2,6,64,Helio G99,64MP + 50MP + 8MP,1113.43,4.5
1747,6.2,16,128,Helio G99,108MP + 8MP + 8MP,824.65,4.2
1748,5.7,4,64,Helio G99,108MP + 16MP + 5MP,1403.8,3.4
1749,7.3,6,64,Dimensity 1080,12MP + 16MP + 5MP,313.89,3.5
1750,7.4,6,512,Helio G99,12MP + 12MP + 8MP,1296.4,4.2
1751,7.0,8,512,Dimensity 9000,64MP + 12MP + 8MP,1649.58,3.9
1752,6.2,6,64,Helio G99,50MP + 8MP + 5MP,1793.21,4.8
1753,5.5,8,64,Dimensity 920,48MP + 16MP + 5MP,918.94,4.6
1754,5.5,16,64,Dimensity 1080,48MP + 50MP + 2MP,435.83,3.6
1755,7.1,16,64,Helio G99,12MP + 50MP + 5MP,203.86,3.5
1756,5.8,16,128,Helio G99,50MP + 16MP + 8MP,1757.24,3.5
1757,6.3,16,256,Dimensity 1080,64MP + 50MP + 5MP,812.08,4.0
1758,7.2,16,128,Dimensity 920,64MP + 8MP + 5MP,312.95,3.5
1759,6.7,16,64,Helio G99,200MP + 12MP + 8MP,610.15,3.3
1760,7.2,8,64,Dimensity 920,200MP + 8MP + 2MP,1120.56,3.0
1761,5.2,16,512,Snapdragon 8+ Gen 1,108MP + 8MP + 2MP,364.93,3.2
1762,7.2,6,512,Tensor G2,64MP + 8MP + 8MP,1603.66,4.5
1763,6.6,12,128,A15 Bionic,50MP + 12MP + 8MP,1338.88,4.4
1764,7.3,4,128,Exynos 2200,108MP + 12MP + 8MP,209.49,4.1
1765,6.6,12,256,Dimensity 920,48MP + 8MP + 8MP,535.41,3.4
1766,6.0,12,1024,Tensor G1,48MP + 8MP + 5MP,1848.69,4.0
1767,7.0,8,128,Dimensity 920,108MP + 16MP + 8MP,750.84,4.3
1768,5.4,16,64,Dimensity 920,108MP + 16MP + 5MP,223.32,4.3
1769,5.6,6,64,Exynos 2200,12MP + 12MP + 2MP,738.68,3.1
1770,5.8,8,256,Helio G99,200MP + 16MP + 2MP,1086.56,3.5
1771,7.2,8,64,Helio G99,64MP + 8MP + 2MP,1516.84,4.4
1772,6.3,8,128,Helio G99,12MP + 12MP + 2MP,1926.24,3.4
1773,7.2,12,1024,Dimensity 920,108MP + 8MP + 2MP,451.89,4.8
1774,6.7,6,64,Helio G99,48MP + 8MP + 5MP,1289.6,3.3
1775,6.6,4,1024,Dimensity 920,200MP + 8MP + 5MP,1061.32,4.1
1776,6.1,4,1024,Helio G99,50MP + 50MP + 5MP,811.65,3.2
1777,6.5,16,1024,Snapdragon 7 Gen 1,48MP + 16MP + 8MP,1607.4,3.4
1778,6.6,12,512,Helio G99,200MP + 8MP + 2MP,1244.6,3.9
1779,5.9,6,64,Helio G99,200MP + 16MP + 2MP,1015.53,3.7
1780,6.0,16,256,Dimensity 920,108MP + 50MP + 8MP,1664.84,4.4
1781,7.1,16,128,Snapdragon 7 Gen 1,12MP + 12MP + 2MP,1407.39,3.1
1782,5.6,16,512,Exynos 2200,50MP + 50MP + 2MP,267.48,4.6
1783,6.0,6,512,Helio G99,50MP + 8MP + 2MP,1958.44,4.5
1784,7.2,4,512,Helio G99,48MP + 8MP + 2MP,452.86,3.3
1785,6.9,6,512,Dimensity 920,200MP + 50MP + 5MP,1347.75,3.8
1786,7.2,4,1024,Dimensity 920,12MP + 50MP + 8MP,1386.81,3.9
1787,5.0,12,512,Dimensity 920,64MP + 16MP + 8MP,1670.88,3.0
1788,5.1,4,512,Snapdragon 8 Gen 2,48MP + 8MP + 2MP,1011.79,4.0
1789,7.1,6,256,Snapdragon 8 Gen 2,200MP + 8MP + 2MP,511.86,3.2
1790,5.2,8,1024,Dimensity 920,108MP + 50MP + 2MP,1266.66,4.4
1791,6.4,12,128,Snapdragon 7 Gen 1,200MP + 16MP + 5MP,319.28,4.3
1792,7.4,4,256,Helio G99,12MP + 8MP + 5MP,1728.28,3.5
1793,5.8,16,64,Dimensity 920,200MP + 12MP + 8MP,1951.0,4.1
1794,5.7,6,64,Exynos 2200,200MP + 16MP + 5MP,1215.51,3.5
1795,5.3,6,1024,Exynos 2200,64MP + 12MP + 2MP,474.18,4.1
1796,5.7,8,128,Dimensity 920,108MP + 50MP + 5MP,591.48,4.5
1797,7.2,6,64,Tensor G2,48MP + 12MP + 8MP,1956.75,3.1
1798,5.8,12,256,Helio G99,108MP + 50MP + 2MP,374.38,4.3
1799,6.9,12,1024,Dimensity 1080,200MP + 8MP + 2MP,1720.56,3.6
1800,7.1,16,256,Helio G99,108MP + 16MP + 2MP,572.09,4.2
1801,5.5,4,256,Dimensity 920,50MP + 16MP + 2MP,756.8,3.8
1802,5.8,4,128,Helio G99,48MP + 12MP + 8MP,488.79,4.8
1803,7.0,4,512,Tensor G1,48MP + 8MP + 8MP,530.49,4.4
1804,5.1,12,256,A15 Bionic,48MP + 50MP + 8MP,285.99,4.2
1805,6.6,6,512,Dimensity 920,48MP + 12MP + 8MP,1254.15,3.0
1806,7.5,12,128,Snapdragon 7 Gen 1,12MP + 50MP + 2MP,709.78,3.5
1807,5.2,16,128,Tensor G1,48MP + 16MP + 5MP,1009.79,3.1
1808,7.1,6,128,Tensor G2,50MP + 50MP + 8MP,1584.5,4.0
1809,6.4,6,512,Helio G99,108MP + 50MP + 8MP,286.17,4.8
1810,7.2,6,128,Dimensity 9000,200MP + 8MP + 5MP,1709.51,3.5
1811,6.3,16,128,Dimensity 920,12MP + 12MP + 2MP,734.02,4.2
1812,6.9,6,64,Helio G99,50MP + 16MP + 8MP,1627.65,3.2
1813,7.4,8,512,Dimensity 920,64MP + 8MP + 2MP,948.99,3.8
1814,5.7,6,1024,Helio G99,48MP + 8MP + 5MP,588.08,4.1
1815,5.6,8,256,Snapdragon 8 Gen 2,48MP + 16MP + 8MP,1441.67,3.1
1816,6.8,8,256,Dimensity 1080,64MP + 16MP + 2MP,1047.95,4.3
1817,5.3,6,128,A16 Bionic,48MP + 8MP + 5MP,839.23,4.7
1818,5.1,8,1024,Snapdragon 7 Gen 1,64MP + 12MP + 8MP,1959.08,3.8
1819,6.3,4,128,Helio G99,200MP + 12MP + 5MP,789.42,3.5
1820,6.0,6,256,Tensor G2,50MP + 8MP + 8MP,1684.2,3.0
1821,6.2,6,512,Snapdragon 8 Gen 2,64MP + 50MP + 5MP,669.84,3.9
1822,6.3,16,64,Dimensity 920,64MP + 50MP + 2MP,767.18,3.9
1823,7.1,4,1024,Helio G99,64MP + 16MP + 5MP,598.11,3.8
1824,7.1,16,256,Dimensity 920,108MP + 8MP + 8MP,1807.08,3.4
1825,6.9,4,64,Tensor G2,50MP + 50MP + 2MP,948.22,4.5
1826,6.1,12,64,Helio G99,64MP + 8MP + 8MP,370.35,4.3
1827,5.0,4,1024,Dimensity 920,108MP + 50MP + 8MP,751.64,3.5
1828,5.8,16,1024,Helio G99,48MP + 12MP + 8MP,784.42,4.2
1829,6.3,8,256,A15 Bionic,12MP + 16MP + 5MP,1455.92,4.5
1830,5.8,12,1024,Dimensity 920,50MP + 8MP + 2MP,247.01,3.3
1831,6.4,16,256,Snapdragon 8 Gen 2,200MP + 8MP + 5MP,1865.79,3.7
1832,5.2,8,64,Helio G99,12MP + 12MP + 5MP,1301.35,3.4
1833,7.4,12,256,Tensor G2,12MP + 16MP + 8MP,1324.61,3.7
1834,5.9,4,128,Helio G99,50MP + 12MP + 8MP,1684.72,3.1
1835,5.3,12,64,Helio G99,12MP + 16MP + 5MP,1752.67,4.1
1836,6.8,4,256,Snapdragon 7 Gen 1,12MP + 12MP + 8MP,854.51,3.7
1837,5.9,6,256,Dimensity 920,64MP + 16MP + 8MP,674.91,3.1
1838,6.0,8,512,Dimensity 920,108MP + 16MP + 5MP,1105.93,4.8
1839,6.0,12,1024,Snapdragon 8+ Gen 1,48MP + 50MP + 2MP,557.66,4.1
1840,7.2,12,256,A15 Bionic,108MP + 12MP + 2MP,477.15,5.0
1841,6.7,12,512,Exynos 2200,12MP + 12MP + 8MP,1399.35,3.1
1842,5.4,8,256,A16 Bionic,64MP + 8MP + 2MP,305.64,4.6
1843,6.1,4,128,Dimensity 920,64MP + 12MP + 8MP,1151.29,4.3
1844,5.8,6,512,Dimensity 920,48MP + 12MP + 2MP,1396.44,4.4
1845,7.0,4,512,Helio G99,48MP + 16MP + 8MP,1298.54,4.9
1846,6.5,12,64,Dimensity 920,108MP + 8MP + 2MP,1479.25,4.0
1847,6.5,4,512,Helio G99,64MP + 12MP + 5MP,690.7,3.1
1848,6.5,4,128,Helio G99,12MP + 50MP + 2MP,1661.97,3.2
1849,6.0,8,512,Tensor G2,108MP + 16MP + 2MP,869.7,4.5
1850,5.9,12,128,Dimensity 920,12MP + 50MP + 5MP,316.24,3.9
1851,7.3,4,256,Helio G99,48MP + 50MP + 8MP,741.21,4.5
1852,5.6,16,128,Tensor G2,50MP + 12MP + 5MP,1921.87,3.8
1853,7.2,6,512,Helio G99,64MP + 16MP + 5MP,248.82,3.7
1854,7.0,16,128,Dimensity 920,200MP + 8MP + 5MP,1025.38,3.4
1855,6.0,8,128,Snapdragon 8+ Gen 1,200MP + 16MP + 5MP,196.74,3.0
1856,6.7,16,512,Dimensity 920,200MP + 50MP + 2MP,822.98,5.0
1857,5.7,4,256,Dimensity 920,50MP + 16MP + 2MP,316.8,4.3
1858,7.4,8,256,Helio G99,48MP + 12MP + 8MP,1178.61,4.3
1859,6.8,4,512,Dimensity 920,200MP + 8MP + 5MP,1671.33,4.2
1860,6.0,4,128,Snapdragon 8 Gen 2,64MP + 12MP + 2MP,1471.81,3.0
1861,5.6,4,512,Dimensity 920,48MP + 12MP + 2MP,480.41,4.7
1862,7.4,12,1024,Dimensity 920,50MP + 50MP + 8MP,1663.91,3.5
1863,5.0,12,64,Dimensity 920,12MP + 50MP + 8MP,572.13,4.9
1864,5.1,8,256,Dimensity 9000,48MP + 8MP + 2MP,590.81,4.7
1865,7.1,6,64,Dimensity 9000,64MP + 16MP + 8MP,878.36,3.3
1866,5.2,6,128,Dimensity 920,108MP + 8MP + 2MP,994.96,3.8
1867,6.9,12,256,Helio G99,64MP + 50MP + 8MP,979.54,3.1
1868,5.3,16,128,Helio G99,200MP + 50MP + 2MP,1142.3,4.7
1869,7.0,8,1024,Helio G99,50MP + 8MP + 2MP,1448.74,4.2
1870,5.5,6,512,Snapdragon 8 Gen 2,108MP + 12MP + 2MP,394.07,3.0
1871,5.3,8,256,A16 Bionic,64MP + 50MP + 2MP,951.6,3.7
1872,5.2,4,1024,Snapdragon 8 Gen 2,64MP + 8MP + 5MP,200.46,3.6
1873,5.9,4,512,Helio G99,50MP + 16MP + 8MP,799.81,3.3
1874,5.8,12,256,Dimensity 920,50MP + 50MP + 5MP,639.93,4.4
1875,5.7,12,1024,Dimensity 920,48MP + 16MP + 8MP,253.1,4.0
1876,7.1,8,1024,Snapdragon 8+ Gen 1,200MP + 8MP + 5MP,255.55,3.9
1877,5.0,4,256,Helio G99,200MP + 16MP + 2MP,248.76,3.1
1878,7.3,6,64,Exynos 2200,48MP + 50MP + 2MP,355.09,4.3
1879,7.2,6,64,Exynos 2200,48MP + 16MP + 5MP,703.49,3.5
1880,5.1,6,128,Helio G99,108MP + 8MP + 8MP,949.71,4.0
1881,6.7,6,512,Dimensity 920,48MP + 8MP + 8MP,747.64,3.3
1882,6.1,16,1024,Dimensity 920,50MP + 12MP + 5MP,363.31,3.6
1883,5.4,16,256,Snapdragon 7 Gen 1,12MP + 8MP + 8MP,1771.53,4.7
1884,6.7,6,512,Helio G99,64MP + 50MP + 2MP,761.05,3.4
1885,5.6,8,128,Exynos 2200,108MP + 8MP + 2MP,241.69,4.8
1886,6.8,8,64,A15 Bionic,48MP + 12MP + 2MP,1198.61,5.0
1887,5.9,8,64,Dimensity 920,64MP + 16MP + 8MP,1431.06,3.8
1888,7.5,16,64,Helio G99,48MP + 8MP + 2MP,1581.05,4.2
1889,7.4,12,512,A16 Bionic,200MP + 12MP + 2MP,489.38,4.7
1890,5.7,8,1024,A15 Bionic,64MP + 12MP + 2MP,1142.83,3.8
1891,7.0,6,256,A15 Bionic,48MP + 12MP + 8MP,541.65,3.7
1892,6.3,12,1024,Dimensity 9000,12MP + 50MP + 8MP,630.89,3.9
1893,6.2,6,1024,Helio G99,64MP + 16MP + 2MP,1703.12,3.8
1894,6.6,16,256,Dimensity 920,200MP + 16MP + 8MP,1693.74,4.0
1895,5.5,16,256,Tensor G1,64MP + 16MP + 5MP,932.02,3.5
1896,5.9,4,512,Dimensity 920,12MP + 50MP + 2MP,185.89,4.8
1897,7.2,4,64,Helio G99,12MP + 12MP + 8MP,1946.04,3.4
1898,6.6,12,64,Dimensity 920,108MP + 50MP + 5MP,884.19,4.8
1899,5.4,12,256,Tensor G2,64MP + 16MP + 2MP,1523.88,4.3
1900,5.3,8,256,Dimensity 920,50MP + 8MP + 8MP,179.07,5.0
1901,5.5,12,128,Dimensity 920,64MP + 8MP + 8MP,668.92,5.0
1902,6.6,16,512,Dimensity 1080,200MP + 8MP + 8MP,1220.3,3.8
1903,5.4,16,64,Helio G99,48MP + 16MP + 8MP,1828.51,4.3
1904,6.1,12,1024,Dimensity 920,12MP + 8MP + 5MP,1991.0,3.1
1905,6.9,8,128,Dimensity 920,12MP + 8MP + 2MP,1634.98,4.3
1906,6.8,4,1024,A16 Bionic,48MP + 16MP + 8MP,1257.22,3.5
1907,6.7,6,256,Helio G99,200MP + 16MP + 5MP,1642.94,4.9
1908,7.4,6,256,Dimensity 920,50MP + 50MP + 5MP,317.49,3.7
1909,5.3,4,256,Snapdragon 8 Gen 2,50MP + 8MP + 8MP,1573.27,4.7
1910,6.6,12,256,Snapdragon 7 Gen 1,64MP + 8MP + 2MP,785.85,4.4
1911,7.5,6,1024,Dimensity 920,48MP + 50MP + 2MP,1368.95,4.8
1912,6.9,12,128,Exynos 2200,50MP + 50MP + 2MP,1833.26,4.9
1913,6.0,16,128,Snapdragon 8 Gen 2,50MP + 50MP + 5MP,1625.63,3.1
1914,5.2,6,1024,Dimensity 9000,108MP + 12MP + 2MP,815.43,3.8
1915,6.5,12,1024,Tensor G2,48MP + 16MP + 5MP,1882.76,3.4
1916,5.9,16,512,Dimensity 920,108MP + 12MP + 8MP,1695.29,4.2
1917,5.7,12,1024,Dimensity 920,12MP + 50MP + 5MP,174.71,3.6
1918,7.3,12,512,Dimensity 920,64MP + 50MP + 5MP,1342.75,3.7
1919,5.6,8,128,Dimensity 920,50MP + 16MP + 2MP,188.47,4.4
1920,7.5,4,256,Exynos 2200,108MP + 12MP + 5MP,1250.08,4.0
1921,5.6,12,64,A16 Bionic,200MP + 12MP + 8MP,1250.01,3.0
1922,5.7,8,1024,Dimensity 1080,12MP + 8MP + 5MP,942.47,3.0
1923,6.8,8,512,A15 Bionic,108MP + 12MP + 5MP,1923.2,3.1
1924,5.6,8,1024,Dimensity 920,108MP + 50MP + 5MP,925.39,3.5
1925,7.3,6,256,Snapdragon 7 Gen 1,108MP + 50MP + 2MP,872.03,4.1
1926,5.7,4,512,Snapdragon 8 Gen 2,48MP + 50MP + 5MP,463.09,4.0
1927,7.2,12,64,Helio G99,200MP + 8MP + 2MP,425.79,3.8
1928,7.0,12,512,Helio G99,48MP + 8MP + 5MP,1365.59,3.6
1929,6.6,16,256,Tensor G1,200MP + 8MP + 5MP,454.57,3.6
1930,5.5,16,512,Dimensity 920,108MP + 50MP + 2MP,413.74,3.4
1931,7.2,6,64,Helio G99,108MP + 8MP + 2MP,586.17,3.8
1932,6.9,4,256,Dimensity 920,108MP + 16MP + 8MP,619.42,4.3
1933,5.1,8,512,A15 Bionic,200MP + 16MP + 5MP,1722.59,5.0
1934,6.8,4,256,Dimensity 920,12MP + 16MP + 2MP,1212.1,3.5
1935,6.1,8,256,Helio G99,48MP + 16MP + 8MP,1602.46,4.8
1936,7.4,4,512,Helio G99,200MP + 16MP + 8MP,746.36,3.8
1937,5.4,4,512,Snapdragon 8 Gen 2,50MP + 50MP + 2MP,1547.08,4.6
1938,6.5,16,256,Dimensity 920,50MP + 8MP + 8MP,777.07,3.2
1939,6.3,12,128,Exynos 2200,108MP + 16MP + 5MP,1086.71,3.6
1940,5.4,4,64,Dimensity 920,48MP + 16MP + 5MP,1080.15,3.1
1941,5.0,4,1024,Helio G99,64MP + 8MP + 8MP,1552.61,4.8
1942,6.6,16,128,Dimensity 920,12MP + 50MP + 5MP,1639.07,3.9
1943,5.8,4,64,Tensor G2,64MP + 50MP + 2MP,312.0,3.7
1944,7.2,6,128,A15 Bionic,50MP + 16MP + 2MP,1070.56,3.1
1945,6.1,16,256,Snapdragon 7 Gen 1,50MP + 16MP + 2MP,670.91,4.0
1946,5.6,8,64,Snapdragon 8+ Gen 1,12MP + 12MP + 2MP,1261.64,3.3
1947,6.5,16,128,A15 Bionic,108MP + 12MP + 2MP,540.66,5.0
1948,6.1,16,256,Dimensity 920,64MP + 12MP + 5MP,640.06,4.7
1949,6.3,4,64,Dimensity 920,48MP + 50MP + 5MP,1134.1,4.4
1950,5.9,8,64,Tensor G1,12MP + 12MP + 2MP,1742.51,4.3
1951,5.4,8,64,Tensor G1,108MP + 50MP + 8MP,1708.73,4.9
1952,7.4,12,64,Dimensity 920,50MP + 16MP + 2MP,693.03,4.9
1953,6.4,6,128,Dimensity 920,64MP + 50MP + 2MP,1381.44,4.4
1954,6.1,8,256,Helio G99,50MP + 50MP + 5MP,718.67,3.3
1955,6.4,12,512,Helio G99,64MP + 8MP + 8MP,1661.57,3.7
1956,7.0,8,256,Snapdragon 8+ Gen 1,108MP + 8MP + 5MP,1860.71,3.9
1957,6.5,16,512,A15 Bionic,50MP + 8MP + 5MP,533.72,3.7
1958,5.9,8,64,Dimensity 920,200MP + 8MP + 2MP,1463.61,3.2
1959,7.2,16,64,Helio G99,200MP + 16MP + 5MP,370.18,3.9
1960,6.4,16,128,Snapdragon 8+ Gen 1,50MP + 16MP + 8MP,1870.94,4.2
1961,6.9,8,512,Tensor G2,64MP + 50MP + 2MP,1718.82,4.4
1962,6.1,4,1024,Helio G99,12MP + 8MP + 5MP,370.69,4.6
1963,7.1,6,256,Helio G99,48MP + 16MP + 8MP,1806.19,4.2
1964,6.4,12,64,Snapdragon 8+ Gen 1,50MP + 50MP + 2MP,1543.25,3.3
1965,7.1,16,64,Dimensity 920,64MP + 8MP + 8MP,1530.23,3.9
1966,5.1,4,256,Dimensity 1080,64MP + 8MP + 2MP,1673.6,3.2
1967,7.1,16,256,Helio G99,12MP + 50MP + 5MP,407.18,4.4
1968,5.6,8,512,Dimensity 920,50MP + 8MP + 8MP,1686.48,4.3
1969,7.3,16,64,A15 Bionic,200MP + 16MP + 8MP,398.35,4.0
1970,6.2,16,512,Helio G99,50MP + 50MP + 2MP,336.5,3.5
1971,5.4,12,64,Helio G99,200MP + 8MP + 8MP,1834.01,3.1
1972,5.6,16,128,A15 Bionic,48MP + 50MP + 5MP,1567.77,4.5
1973,5.3,12,1024,Helio G99,48MP + 16MP + 5MP,680.6,3.1
1974,5.0,8,64,Exynos 2200,64MP + 8MP + 5MP,1304.96,3.3
1975,5.5,6,64,Dimensity 920,108MP + 50MP + 2MP,241.92,3.4
1976,5.4,16,512,Snapdragon 7 Gen 1,108MP + 50MP + 2MP,1677.71,3.2
1977,5.8,8,256,Dimensity 920,12MP + 8MP + 2MP,684.95,4.9
1978,6.9,8,64,Snapdragon 8+ Gen 1,108MP + 8MP + 5MP,288.85,3.9
1979,5.7,6,64,Helio G99,48MP + 16MP + 5MP,1965.61,4.4
1980,5.6,12,64,Dimensity 920,108MP + 12MP + 8MP,1437.02,3.1
1981,6.9,8,512,Tensor G2,48MP + 8MP + 5MP,1900.34,4.5
1982,5.1,4,256,Dimensity 920,50MP + 12MP + 2MP,1068.95,4.8
1983,6.4,16,256,Dimensity 9000,200MP + 16MP + 8MP,1648.86,3.1
1984,7.3,12,128,Tensor G1,108MP + 50MP + 8MP,1992.68,3.4
1985,6.0,16,128,Dimensity 1080,50MP + 16MP + 2MP,247.22,4.6
1986,6.0,8,256,Dimensity 920,200MP + 16MP + 8MP,975.64,3.3
1987,6.5,12,512,Dimensity 9000,108MP + 12MP + 8MP,1733.99,3.5
1988,6.2,4,64,A16 Bionic,12MP + 8MP + 8MP,1505.51,3.8
1989,5.6,6,64,Exynos 2200,48MP + 8MP + 5MP,305.55,3.4
1990,7.3,6,128,Helio G99,200MP + 12MP + 2MP,916.61,4.8
1991,6.3,6,256,Exynos 2200,64MP + 12MP + 2MP,208.98,3.0
1992,7.4,6,256,Snapdragon 7 Gen 1,200MP + 12MP + 8MP,1255.84,4.4
1993,6.2,4,256,Dimensity 920,48MP + 16MP + 5MP,874.73,4.4
1994,6.7,8,128,Dimensity 920,200MP + 50MP + 8MP,733.56,4.4
1995,5.3,8,128,Helio G99,48MP + 50MP + 5MP,210.87,4.7
1996,6.9,8,1024,Snapdragon 7 Gen 1,200MP + 12MP + 2MP,1638.88,3.3
1997,6.2,16,128,Helio G99,48MP + 16MP + 2MP,1425.14,3.8
1998,7.2,12,512,Dimensity 9000,12MP + 50MP + 2MP,223.23,3.6
1999,5.7,16,1024,Tensor G1,64MP + 12MP + 2MP,1656.45,4.4
